Date,Temperature,Humidity,TransformerTemperature,Demand
1/1/2024 0:00,20.78300669,41.53672951,25.52445026,512.3443652
1/1/2024 1:00,34.04520157,44.55982275,37.15008797,576.2765231
1/1/2024 2:00,15.99720293,68.61337784,19.1175367,448.0660902
1/1/2024 3:00,17.99818506,33.7763543,21.1487886,515.8038551
1/1/2024 4:00,25.75162276,71.37906087,30.26148339,486.3757407
1/1/2024 5:00,26.51584942,51.38345429,30.46821438,526.6654302
1/1/2024 6:00,27.90300167,59.80319656,31.74550822,521.2022953
1/1/2024 7:00,15.33938259,34.48261156,18.34181165,483.9242988
1/1/2024 8:00,34.20733549,46.86795392,38.66104802,559.0039515
1/1/2024 9:00,15.89176185,34.48504595,18.00685344,516.6483874
1/1/2024 10:00,17.86123905,78.07718614,22.47363057,443.523637
1/1/2024 11:00,15.28029035,70.36308247,18.81854005,426.5704198
1/1/2024 12:00,26.33716867,52.98163772,29.53191937,523.2822844
1/1/2024 13:00,33.64533768,41.18012742,37.13683952,588.8136261
1/1/2024 14:00,28.31894332,76.67275526,32.32118991,495.1813821
1/1/2024 15:00,31.45314937,47.22982979,33.49144565,542.5293146
1/1/2024 16:00,15.26562407,38.04922158,19.88027964,491.3692747
1/1/2024 17:00,25.84030597,58.15821942,29.18052455,509.5592972
1/1/2024 18:00,24.19125955,77.18870602,27.22015911,473.6102877
1/1/2024 19:00,24.97935888,30.19151453,27.39409558,589.4980702
1/1/2024 20:00,16.44426371,41.90624216,19.76265983,496.1287769
1/1/2024 21:00,28.68870722,76.92238202,32.17767554,475.5289974
1/1/2024 22:00,25.0644083,38.55429834,28.27534838,552.2361256
1/1/2024 23:00,30.302977,35.66217258,34.33895728,593.4004977
1/2/2024 0:00,24.70581268,58.50936079,27.96850227,507.590483
1/2/2024 1:00,17.98763272,73.09219116,22.87188546,434.6872958
1/2/2024 2:00,27.96513908,53.85549088,31.76297164,541.6946531
1/2/2024 3:00,18.44772724,79.72821283,22.87016105,439.4176667
1/2/2024 4:00,32.44789127,63.95858498,34.77595898,524.0614779
1/2/2024 5:00,27.26232478,33.70374536,30.45419866,572.7183894
1/2/2024 6:00,18.14407767,79.64160658,21.15462078,441.4098309
1/2/2024 7:00,34.24676115,50.39471184,37.95520831,582.2632825
1/2/2024 8:00,25.36730927,44.37012669,29.95064983,537.4318032
1/2/2024 9:00,16.45796904,57.89395918,18.69298369,462.9211324
1/2/2024 10:00,27.53665809,45.21537959,29.75438248,559.5252695
1/2/2024 11:00,20.06397814,34.32287536,24.61493126,519.572535
1/2/2024 12:00,31.07386904,30.07141715,33.7124193,599.6123038
1/2/2024 13:00,31.35644147,52.47916765,35.36270123,538.1236058
1/2/2024 14:00,34.57894712,71.84317111,38.20758151,539.8621561
1/2/2024 15:00,25.03739062,58.61575928,29.53607141,505.3749794
1/2/2024 16:00,24.09913759,79.96036495,26.47440432,473.2607904
1/2/2024 17:00,30.06951211,44.34233228,32.45886101,566.5770235
1/2/2024 18:00,17.64941313,44.02275324,21.31986821,487.9693569
1/2/2024 19:00,25.93831028,37.98747301,30.77744624,567.9628827
1/2/2024 20:00,25.924952,38.20317941,29.16994528,568.7308539
1/2/2024 21:00,16.78946246,44.2593298,19.77028876,504.2515176
1/2/2024 22:00,23.35968171,69.64200226,27.17974968,469.8985254
1/2/2024 23:00,32.06569597,75.28783953,36.85704177,506.6926612
1/3/2024 0:00,32.12307244,78.75435849,36.63385594,504.5609174
1/3/2024 1:00,16.9847533,41.6144827,21.97120413,494.6576971
1/3/2024 2:00,16.81441765,74.06487728,18.8821234,452.8657994
1/3/2024 3:00,20.25390954,46.41275446,22.59248397,509.8873035
1/3/2024 4:00,32.49532125,35.64202723,36.32372454,564.1590713
1/3/2024 5:00,17.5780517,73.50124628,22.03978102,444.2813241
1/3/2024 6:00,29.39993605,61.80528173,32.25566908,519.9075428
1/3/2024 7:00,17.02331239,38.2365448,19.74094566,507.8942068
1/3/2024 8:00,27.46275707,51.49156288,31.82368447,530.644466
1/3/2024 9:00,22.12134598,44.36288474,24.29049154,529.9514246
1/3/2024 10:00,30.77827926,66.83972844,33.8864272,531.4088172
1/3/2024 11:00,19.67380898,52.67081153,23.19123664,495.8579534
1/3/2024 12:00,27.78403659,79.46399726,31.46508261,476.5990766
1/3/2024 13:00,19.71365069,32.73724911,23.89949616,532.6803832
1/3/2024 14:00,29.27320566,47.75076331,32.33774283,551.0604979
1/3/2024 15:00,32.47356069,54.09500836,36.31161373,546.1534863
1/3/2024 16:00,17.53603598,55.15667774,21.29216225,483.1561109
1/3/2024 17:00,32.33191377,45.79679112,35.97476207,574.6664099
1/3/2024 18:00,26.87150509,66.46201245,30.79295497,516.8379129
1/3/2024 19:00,17.54220982,73.73735367,20.32055733,452.7898395
1/3/2024 20:00,23.55083711,76.9359651,25.80478337,457.0255062
1/3/2024 21:00,18.21720587,70.25466884,20.57502089,458.7796754
1/3/2024 22:00,29.00695778,72.52900987,31.68070493,490.4672353
1/3/2024 23:00,30.17736269,57.52726503,33.67795649,542.7916044
1/4/2024 0:00,17.11593041,71.29441132,21.63725866,437.8246874
1/4/2024 1:00,25.12279705,45.17519546,29.22667708,525.0310621
1/4/2024 2:00,31.29250112,49.92393811,35.65962293,559.4150828
1/4/2024 3:00,33.72326083,45.84565069,36.7761877,550.1793315
1/4/2024 4:00,25.27035733,53.36936677,28.48431856,502.1032974
1/4/2024 5:00,34.00558447,44.27898081,37.18663013,579.6950419
1/4/2024 6:00,25.71377941,78.08057211,28.28939896,473.2321705
1/4/2024 7:00,22.88380989,45.6422314,25.06745987,519.441399
1/4/2024 8:00,31.96406257,34.90222691,35.73681085,574.2214961
1/4/2024 9:00,24.85965421,56.3408583,29.82730426,503.437636
1/4/2024 10:00,24.43805021,32.85495392,26.93853933,560.3924365
1/4/2024 11:00,24.80624979,35.52715832,26.94630425,558.79475
1/4/2024 12:00,31.93570004,40.96946946,36.27429508,577.5773301
1/4/2024 13:00,31.63883083,53.21751249,34.39658885,563.327467
1/4/2024 14:00,23.07039985,51.66254662,27.55933126,516.0008762
1/4/2024 15:00,21.6659972,69.9845931,25.7778072,460.8862432
1/4/2024 16:00,24.83856048,66.97373269,29.67558109,487.4403165
1/4/2024 17:00,26.45545019,51.3159147,29.6822319,515.61676
1/4/2024 18:00,19.76674421,46.68521038,23.75265373,504.3819104
1/4/2024 19:00,30.87910169,45.8234392,34.27366604,573.8696363
1/4/2024 20:00,24.72965531,68.69975436,28.62142141,493.1016687
1/4/2024 21:00,21.68091097,32.60362031,25.02970769,557.2174075
1/4/2024 22:00,17.13641986,30.64108248,19.7023166,521.3710819
1/4/2024 23:00,19.77690321,69.7772196,23.30059546,472.7910748
1/5/2024 0:00,33.98562344,53.8573188,37.57137604,560.2804373
1/5/2024 1:00,21.10199374,36.54405693,25.53380528,547.1377057
1/5/2024 2:00,18.37718579,41.77829673,22.5837479,508.110768
1/5/2024 3:00,24.21345583,76.62519765,28.2048307,474.8891976
1/5/2024 4:00,21.14175487,72.97514878,23.48191615,474.5096004
1/5/2024 5:00,15.70318501,65.48925251,19.86503388,445.6031437
1/5/2024 6:00,21.46290435,54.11126152,24.96381981,501.2758886
1/5/2024 7:00,25.88217248,56.01618131,30.56447109,530.267134
1/5/2024 8:00,26.03424744,78.76222676,30.79386024,471.316752
1/5/2024 9:00,22.13117842,78.28852219,24.2966482,440.8699249
1/5/2024 10:00,23.94605513,40.76345229,28.40797981,559.6334416
1/5/2024 11:00,34.31035836,70.55522832,36.42345054,525.7436905
1/5/2024 12:00,22.54696954,39.86213331,25.64847842,534.5981416
1/5/2024 13:00,20.16453627,40.67687389,23.79143619,531.0290002
1/5/2024 14:00,19.86934088,63.80465171,22.31364328,465.652462
1/5/2024 15:00,24.15529225,50.25005493,28.39423369,510.1976723
1/5/2024 16:00,30.19040297,76.57722036,32.21546709,500.3349471
1/5/2024 17:00,19.11976368,34.45048674,21.62556083,508.767081
1/5/2024 18:00,29.18592254,55.57628204,32.92831303,531.8979879
1/5/2024 19:00,15.42299647,75.92607652,19.56615915,427.7132159
1/5/2024 20:00,23.37865956,75.20568302,28.12858887,463.7824128
1/5/2024 21:00,30.5173013,37.82646067,34.63379126,561.4990757
1/5/2024 22:00,21.77465912,48.331885,25.78999693,528.1513051
1/5/2024 23:00,26.27474203,60.95607,29.45776547,510.4969517
1/6/2024 0:00,19.09958466,37.96974424,21.10343793,533.869956
1/6/2024 1:00,29.83990782,78.4011086,32.2003856,489.7969594
1/6/2024 2:00,16.04558207,75.73746644,19.6492457,419.9528576
1/6/2024 3:00,32.0508529,38.34750895,36.07624256,586.2510558
1/6/2024 4:00,18.96392773,36.05777306,22.21627258,520.5462213
1/6/2024 5:00,32.48796063,34.27042414,36.67999767,582.1213403
1/6/2024 6:00,22.05058483,75.4721832,25.61617171,474.0064003
1/6/2024 7:00,29.45367149,39.68119049,31.67620008,561.6832742
1/6/2024 8:00,21.38450596,50.81424643,23.96055471,486.8913731
1/6/2024 9:00,33.11823342,52.44256828,37.63822809,573.9876911
1/6/2024 10:00,17.53274251,59.95055221,21.70748075,462.719628
1/6/2024 11:00,18.57039579,33.58676719,23.25468175,519.6002056
1/6/2024 12:00,24.8606025,41.33793087,27.21327425,523.9732749
1/6/2024 13:00,16.63876878,76.57451935,21.60943638,447.4542201
1/6/2024 14:00,18.91960369,75.42050536,21.54782384,430.8622019
1/6/2024 15:00,33.87532764,69.06453237,35.91066727,531.8320683
1/6/2024 16:00,34.52979322,30.97006228,39.52206204,619.8350448
1/6/2024 17:00,22.52518659,46.35033842,25.36840824,524.1424254
1/6/2024 18:00,33.46572042,61.39793677,37.46977878,543.9361854
1/6/2024 19:00,25.89649351,43.75951059,28.42654046,524.9467878
1/6/2024 20:00,20.39484932,75.47933475,24.13553491,442.9183287
1/6/2024 21:00,29.04797442,61.69447309,33.76007938,523.7289293
1/6/2024 22:00,28.17803613,33.59533587,31.13857963,565.8277682
1/6/2024 23:00,34.78250638,75.45027944,38.79326831,525.0455676
1/7/2024 0:00,20.30094575,77.88833291,22.86465651,452.545497
1/7/2024 1:00,28.44119005,33.88562092,32.31557625,584.0597373
1/7/2024 2:00,16.0404751,56.61801174,19.04982616,454.7045584
1/7/2024 3:00,17.27292077,45.16821411,19.90654555,517.9946362
1/7/2024 4:00,15.0783675,49.64195382,18.01791365,483.7827233
1/7/2024 5:00,34.98921362,38.9825609,37.52573683,596.9638048
1/7/2024 6:00,31.04547394,58.9036051,35.75122227,548.3155253
1/7/2024 7:00,30.73446029,77.89896766,33.92602095,521.5284439
1/7/2024 8:00,25.19452151,55.15363001,27.93035942,501.2781465
1/7/2024 9:00,21.00134166,34.14572907,24.34656518,534.4626237
1/7/2024 10:00,18.02528569,61.00006667,20.98689419,444.3419785
1/7/2024 11:00,20.69349478,47.01114972,24.92675254,511.3716898
1/7/2024 12:00,22.51942444,72.79625948,27.43308417,470.6585457
1/7/2024 13:00,30.12620194,51.73390742,33.44030291,546.7715737
1/7/2024 14:00,25.79323578,39.64198045,30.37633598,543.1368823
1/7/2024 15:00,16.54967253,39.55528113,20.24726175,483.1426552
1/7/2024 16:00,15.36058018,68.43820904,17.83228717,443.6618197
1/7/2024 17:00,17.04664359,43.27937992,21.11851182,513.228803
1/7/2024 18:00,23.20997427,68.36166971,26.75027777,473.4163474
1/7/2024 19:00,33.66385834,40.29436554,37.61567791,592.1311599
1/7/2024 20:00,27.74804962,46.08431844,32.41711186,530.8901681
1/7/2024 21:00,31.036518,53.27434862,34.35782171,553.2060234
1/7/2024 22:00,24.32749189,77.15979248,29.03102476,463.3840515
1/7/2024 23:00,22.23332166,76.58657124,26.48532871,450.3692863
1/8/2024 0:00,17.16800745,40.34359377,20.63382223,497.5492133
1/8/2024 1:00,32.51866044,47.91095206,36.32832685,562.8352823
1/8/2024 2:00,30.66320058,37.46996942,33.63994398,582.2003972
1/8/2024 3:00,18.36236195,55.49925397,23.31315385,467.6916698
1/8/2024 4:00,25.24521128,53.02912753,29.24726477,516.196648
1/8/2024 5:00,24.74749616,75.03800812,26.87903672,473.2467468
1/8/2024 6:00,27.50183105,76.50026889,30.48169677,473.5182252
1/8/2024 7:00,33.92373788,49.17836955,37.79368118,589.2286023
1/8/2024 8:00,26.59542884,54.58689715,28.76442867,515.2683951
1/8/2024 9:00,25.80434534,74.81181246,27.87599791,472.7037326
1/8/2024 10:00,16.00645866,70.33539039,19.35653138,429.578433
1/8/2024 11:00,16.25814952,30.18281557,19.25622006,538.9099173
1/8/2024 12:00,18.74693583,46.00297821,22.06183165,507.257775
1/8/2024 13:00,15.64941543,51.0887121,18.43749536,466.7037329
1/8/2024 14:00,29.86705791,41.48581418,32.36121115,577.4259768
1/8/2024 15:00,29.46660608,39.97858079,33.53403615,569.3828558
1/8/2024 16:00,17.72112469,31.88922533,21.26483804,527.399707
1/8/2024 17:00,31.72157802,62.16848625,34.32204065,530.8261455
1/8/2024 18:00,18.0957207,43.12551452,21.05448898,496.7334146
1/8/2024 19:00,21.02351174,32.61735892,24.79893546,543.2605018
1/8/2024 20:00,19.97953798,41.54896553,22.19622603,511.3488866
1/8/2024 21:00,22.44614197,70.09569764,24.888501,490.2068709
1/8/2024 22:00,20.09327532,72.57445908,22.31301213,442.6245474
1/8/2024 23:00,24.77901853,54.15331226,29.21597053,530.9500359
1/9/2024 0:00,23.14815763,50.80353352,27.40538533,513.0205326
1/9/2024 1:00,34.73138982,78.89268468,38.99132861,518.8624371
1/9/2024 2:00,16.118527,40.02823298,20.26750303,508.8677467
1/9/2024 3:00,17.84362753,40.76796414,21.8517838,501.3797164
1/9/2024 4:00,16.05651788,44.59335885,19.48749362,499.7383555
1/9/2024 5:00,27.5168239,38.63786591,31.44365839,533.2329491
1/9/2024 6:00,16.09018555,48.96827991,18.20527021,475.3144726
1/9/2024 7:00,31.72879475,75.54171135,35.59318802,498.319923
1/9/2024 8:00,25.23877261,60.76739203,29.57240573,492.1240189
1/9/2024 9:00,25.54015249,50.59732743,29.04122757,524.3565592
1/9/2024 10:00,26.23189015,76.72053973,29.30443014,481.575871
1/9/2024 11:00,18.41627413,32.42321162,21.24855433,534.2615474
1/9/2024 12:00,18.95380606,40.5138089,22.88221221,516.1501801
1/9/2024 13:00,21.37634646,58.29443026,25.45475005,483.6359371
1/9/2024 14:00,26.86992832,60.77763116,31.48283112,516.4845436
1/9/2024 15:00,19.20235552,31.97787533,22.22935777,533.2988839
1/9/2024 16:00,17.32663454,50.1519379,21.63595146,495.6898586
1/9/2024 17:00,34.40233773,62.45769824,38.0864052,554.8656592
1/9/2024 18:00,15.4396363,64.90352732,20.08814577,447.695891
1/9/2024 19:00,31.05394811,61.90699513,34.63738443,522.4832202
1/9/2024 20:00,30.76070299,46.02816122,34.31359248,555.217691
1/9/2024 21:00,20.94428228,34.67600618,24.67791352,529.8715054
1/9/2024 22:00,17.71253232,51.35562232,21.96047839,482.6987536
1/9/2024 23:00,17.91257293,36.43772187,22.80664437,519.3679252
1/10/2024 0:00,28.94863234,77.38118293,31.16932241,497.1325398
1/10/2024 1:00,27.85613182,53.7585433,30.01643563,531.2523856
1/10/2024 2:00,30.65491349,45.86295872,35.4675645,561.7098979
1/10/2024 3:00,33.74962345,68.31520356,37.33925032,533.5507732
1/10/2024 4:00,28.83854727,54.89742963,32.68325631,529.2388239
1/10/2024 5:00,18.11703073,45.5017012,21.56430154,490.3278287
1/10/2024 6:00,19.86885234,70.59838712,22.14982469,440.5931085
1/10/2024 7:00,31.84387462,73.35760755,36.14814275,505.5526644
1/10/2024 8:00,19.18612152,63.65040831,23.42779545,473.3612455
1/10/2024 9:00,16.45044634,32.34822112,19.3855563,510.5266751
1/10/2024 10:00,29.06560108,58.31614401,31.98431882,526.317647
1/10/2024 11:00,23.05052711,68.1647456,27.56405125,483.5874572
1/10/2024 12:00,33.40080105,36.8251506,35.61787282,598.560599
1/10/2024 13:00,28.00510142,41.43353757,32.64841687,546.3631034
1/10/2024 14:00,16.80837956,74.12475525,19.57836463,445.7629808
1/10/2024 15:00,33.95713135,31.00608609,37.73608559,619.0469854
1/10/2024 16:00,20.17114527,67.63635689,24.97912781,454.284514
1/10/2024 17:00,21.74424981,53.68866463,25.77861731,493.1055511
1/10/2024 18:00,23.04520827,52.33860794,26.28849771,522.4597323
1/10/2024 19:00,16.02448593,30.35482662,20.09308855,517.9442412
1/10/2024 20:00,24.93030844,70.96991155,27.96224735,460.5139397
1/10/2024 21:00,17.46636982,47.99124503,20.29814507,477.352544
1/10/2024 22:00,23.01940653,57.03828157,28.00945637,498.5267733
1/10/2024 23:00,22.01419576,63.86503432,26.26656645,470.7104837
1/11/2024 0:00,30.45680167,65.13147882,34.3909616,517.886813
1/11/2024 1:00,31.06341023,77.79900294,34.12927916,500.0430074
1/11/2024 2:00,18.06825765,56.56699766,20.21574014,491.829839
1/11/2024 3:00,22.33102375,49.98597755,24.42419438,508.7786245
1/11/2024 4:00,22.46706322,77.68518132,26.12960699,467.6903714
1/11/2024 5:00,18.02820888,62.10551175,22.31430704,480.2176225
1/11/2024 6:00,30.9690701,44.90751781,34.58120767,579.3734116
1/11/2024 7:00,29.14456657,36.32321227,33.66692178,575.9239542
1/11/2024 8:00,18.80763573,72.12772507,20.90791533,430.149837
1/11/2024 9:00,22.33443817,48.10908014,25.4346944,520.0622792
1/11/2024 10:00,17.1161005,63.02348607,19.82731167,470.0175292
1/11/2024 11:00,27.56413194,53.54082097,30.90595085,529.9283467
1/11/2024 12:00,17.42743849,39.94648899,19.64456767,524.6900532
1/11/2024 13:00,34.71868337,60.08433043,39.5810783,562.0230916
1/11/2024 14:00,30.61364149,33.03415345,33.2834077,592.6826343
1/11/2024 15:00,22.80477099,50.66712299,27.57169432,523.5534161
1/11/2024 16:00,26.57127865,57.33074698,29.84895811,521.5285978
1/11/2024 17:00,33.22683632,51.80234871,38.18340872,537.6013792
1/11/2024 18:00,26.08198561,67.43360876,29.74416076,490.551321
1/11/2024 19:00,18.48996973,71.39624773,23.28246832,461.6290335
1/11/2024 20:00,22.57406711,68.5621537,24.59011408,467.6701148
1/11/2024 21:00,31.8628973,31.94064739,36.10761372,593.1984667
1/11/2024 22:00,27.88426032,39.70643852,32.59341228,549.5600614
1/11/2024 23:00,28.01448769,56.83037546,30.43364939,544.2509135
1/12/2024 0:00,32.33642971,76.74110202,34.62480727,525.0148691
1/12/2024 1:00,32.87946115,71.74783875,36.15317897,512.0629393
1/12/2024 2:00,33.39585144,72.12672542,38.19688815,524.1987863
1/12/2024 3:00,16.89698387,45.16040969,20.52414355,487.3591595
1/12/2024 4:00,25.88252004,51.47239485,29.46488943,532.6172569
1/12/2024 5:00,29.81019042,53.53529737,32.23356878,547.0771882
1/12/2024 6:00,30.1385369,37.86857917,32.14090544,583.0725819
1/12/2024 7:00,27.13432404,31.55340651,31.56474431,575.8839916
1/12/2024 8:00,18.3357467,77.34514497,20.59847039,466.3425056
1/12/2024 9:00,30.94841108,42.03562928,34.84996054,560.3915592
1/12/2024 10:00,29.40222667,41.99744519,34.14607603,545.9102094
1/12/2024 11:00,16.72271543,34.16895269,19.34867117,511.3447698
1/12/2024 12:00,24.27619649,76.4253876,28.272015,452.8503246
1/12/2024 13:00,18.47954799,58.98685575,20.71564372,459.4994058
1/12/2024 14:00,21.74954091,63.35184286,25.56080635,472.0308723
1/12/2024 15:00,15.36162184,75.57884436,17.85341701,416.4285314
1/12/2024 16:00,23.00659737,47.28100845,27.21445805,510.9247889
1/12/2024 17:00,25.99753842,61.07536556,28.90123231,513.0191505
1/12/2024 18:00,27.39165186,31.93997274,30.78182488,568.0164232
1/12/2024 19:00,28.2698069,39.33862641,32.06809853,560.8766359
1/12/2024 20:00,31.72582626,71.56229025,34.23964649,524.4468785
1/12/2024 21:00,19.30925815,68.33841782,23.5341716,452.2062298
1/12/2024 22:00,17.40963645,47.53213457,20.31755747,489.3384541
1/12/2024 23:00,32.03074344,48.84053139,36.01785902,566.1302543
1/13/2024 0:00,18.1322563,56.67772168,20.60710545,457.8901601
1/13/2024 1:00,34.49520163,30.01205023,38.5595546,588.6028526
1/13/2024 2:00,31.85076459,42.0622168,34.23532881,578.5905626
1/13/2024 3:00,25.01753212,40.41159043,28.29360161,549.1846225
1/13/2024 4:00,34.6284285,42.52414734,37.37004672,608.7360492
1/13/2024 5:00,16.94753458,70.29529213,21.19266033,445.7280374
1/13/2024 6:00,21.06131522,43.98369283,23.84742024,525.5365876
1/13/2024 7:00,27.7644883,39.5760661,32.40964022,557.7155829
1/13/2024 8:00,22.00013737,55.21317304,26.675598,502.546613
1/13/2024 9:00,33.56745104,73.28225182,36.15677499,537.94532
1/13/2024 10:00,16.31252176,42.06748519,20.1540596,476.1877103
1/13/2024 11:00,25.98823664,33.92681214,28.25138957,566.2237215
1/13/2024 12:00,26.81732535,47.82023679,29.99193665,559.8020205
1/13/2024 13:00,28.05456248,67.38259123,32.19452766,508.3279721
1/13/2024 14:00,20.11332447,57.53452723,24.09159421,502.0032975
1/13/2024 15:00,22.29132855,70.83966848,26.16543056,463.4851843
1/13/2024 16:00,31.87361059,77.97960738,34.72123318,503.0883633
1/13/2024 17:00,18.89885538,69.63312384,22.03293023,455.5632762
1/13/2024 18:00,31.53735694,60.19015394,33.84619538,515.130566
1/13/2024 19:00,26.25310846,54.6670794,30.41017692,510.2496052
1/13/2024 20:00,30.24375022,32.00345432,33.75541661,576.2430917
1/13/2024 21:00,29.27214733,79.21609894,33.39844422,496.1491995
1/13/2024 22:00,19.15022991,49.17405613,21.89706048,506.1245683
1/13/2024 23:00,26.37625473,37.6114107,29.34956941,559.8988167
1/14/2024 0:00,32.35446306,63.33544277,35.35710907,543.3424587
1/14/2024 1:00,23.64232474,44.21441445,25.71955197,528.1413006
1/14/2024 2:00,34.3318154,59.28891355,37.35495902,565.1005666
1/14/2024 3:00,24.044302,59.33839539,28.45421572,501.6326037
1/14/2024 4:00,17.85571273,52.28649105,22.54760822,485.2842221
1/14/2024 5:00,22.7886936,71.80593078,26.34334855,467.6756801
1/14/2024 6:00,34.03404813,43.24835308,37.40055321,590.5180393
1/14/2024 7:00,21.39441699,52.43162958,23.48689084,497.8968376
1/14/2024 8:00,32.3619632,56.88460643,36.99957621,557.8049169
1/14/2024 9:00,32.62501363,63.18123604,34.66404427,525.4411047
1/14/2024 10:00,22.00373049,69.19859253,26.83798073,460.6323048
1/14/2024 11:00,16.66515316,49.74036414,20.13280191,490.7193051
1/14/2024 12:00,29.49115818,62.3023472,32.51696166,521.9656544
1/14/2024 13:00,21.23024598,37.53054765,26.00290128,526.5512204
1/14/2024 14:00,30.65847229,76.63240503,32.73164526,508.9281287
1/14/2024 15:00,23.85309697,49.15294032,27.59737165,514.88699
1/14/2024 16:00,24.70533485,66.4760711,28.35213242,488.5725195
1/14/2024 17:00,30.55818813,31.01705409,33.21614934,604.749112
1/14/2024 18:00,22.64726662,40.25935715,25.93392892,548.1090423
1/14/2024 19:00,23.86254691,54.35412722,27.81933892,526.3284622
1/14/2024 20:00,22.52380938,73.91262339,26.70520297,461.9725423
1/14/2024 21:00,22.34681031,56.3627575,24.34896088,511.3155656
1/14/2024 22:00,25.51893154,76.49352411,30.32949183,465.1180812
1/14/2024 23:00,31.17598889,54.18984483,33.66956501,538.431226
1/15/2024 0:00,22.23536624,54.52245484,24.93610754,478.627363
1/15/2024 1:00,25.48509441,35.98733943,28.27551475,572.1794752
1/15/2024 2:00,28.41454651,70.13281221,30.52800692,493.1673096
1/15/2024 3:00,20.38878893,42.34827062,22.7579453,515.9820776
1/15/2024 4:00,20.5504561,74.98062447,25.50950587,443.6877881
1/15/2024 5:00,33.66826254,75.54121102,36.61391275,524.2105432
1/15/2024 6:00,29.47069147,77.16550559,31.81659474,489.2661095
1/15/2024 7:00,26.54373352,56.01152446,28.86470731,507.6474498
1/15/2024 8:00,27.95440109,63.85468924,32.11278099,516.4792526
1/15/2024 9:00,15.58598886,68.925794,20.14969485,425.7410561
1/15/2024 10:00,27.36205931,36.55073093,30.13291621,555.3347774
1/15/2024 11:00,25.19017746,60.04785975,27.252906,484.7862767
1/15/2024 12:00,25.9149936,31.71489507,28.58426365,551.9055967
1/15/2024 13:00,22.18847654,54.87830417,24.35802361,502.971066
1/15/2024 14:00,16.62947795,37.74213408,18.93966276,488.0177612
1/15/2024 15:00,18.86678467,39.1461463,22.16130903,501.2301735
1/15/2024 16:00,34.01489426,48.25237833,36.70464938,573.5460255
1/15/2024 17:00,23.17399125,51.62185834,26.72182888,507.1901706
1/15/2024 18:00,24.33366312,61.15862123,27.09414438,519.2714395
1/15/2024 19:00,16.0541958,33.72142092,20.8758077,531.1671026
1/15/2024 20:00,15.75132459,55.18458806,20.46915649,459.7082222
1/15/2024 21:00,29.34362894,39.13125651,33.04404726,574.0270079
1/15/2024 22:00,25.76189328,58.69875875,28.82516526,518.9047745
1/15/2024 23:00,25.17411968,61.87023061,28.31756033,496.1553486
1/16/2024 0:00,19.86249061,57.83546283,23.09804746,468.686112
1/16/2024 1:00,29.89501463,66.91477552,34.0777526,515.5225376
1/16/2024 2:00,18.36473158,46.78046221,21.71964857,496.5342767
1/16/2024 3:00,18.79869487,68.25532958,23.36888471,453.1251702
1/16/2024 4:00,24.21424343,51.63835409,29.04652778,522.2176776
1/16/2024 5:00,20.72559724,54.20922492,23.7334357,487.7022403
1/16/2024 6:00,19.94925962,62.40510636,23.63134307,463.4161099
1/16/2024 7:00,27.90475289,30.9179192,30.1899225,578.7787558
1/16/2024 8:00,28.0194349,62.69971107,30.62084205,518.5574533
1/16/2024 9:00,31.4903414,60.92925745,34.7307387,523.8267426
1/16/2024 10:00,23.35417134,45.49235584,25.97277949,535.0670511
1/16/2024 11:00,16.46170182,34.28971424,21.09138329,496.0242692
1/16/2024 12:00,20.4733277,34.5467725,22.94818647,527.4919589
1/16/2024 13:00,34.60010926,76.16118735,37.96709173,518.0980863
1/16/2024 14:00,26.9251715,64.46396606,30.74226923,499.3356883
1/16/2024 15:00,29.1947417,36.35513069,33.27033342,567.6128424
1/16/2024 16:00,15.14715659,47.83615847,18.2963647,498.7742109
1/16/2024 17:00,25.36411464,59.6241497,29.97141185,499.0634329
1/16/2024 18:00,15.75057315,71.77858525,19.4555306,459.6079125
1/16/2024 19:00,26.38460424,32.18304644,29.70312758,571.9281961
1/16/2024 20:00,33.41541699,41.83165657,35.61713889,584.3343232
1/16/2024 21:00,34.36838261,74.48744951,37.76245102,527.6294176
1/16/2024 22:00,25.81105351,30.45827751,30.27326103,593.43799
1/16/2024 23:00,24.16409611,40.06995514,28.00771916,530.7446402
1/17/2024 0:00,33.90034188,77.9512088,38.39682925,502.3951126
1/17/2024 1:00,28.47219664,60.67009233,31.95423165,513.4721366
1/17/2024 2:00,16.29798559,43.08356833,18.65337071,495.6442228
1/17/2024 3:00,24.31451155,33.34955472,26.35543109,537.6157371
1/17/2024 4:00,19.80490037,31.40956702,22.71455901,536.4287602
1/17/2024 5:00,24.39608643,42.23725398,28.49005784,554.4413955
1/17/2024 6:00,24.10931144,74.07429098,28.48009115,473.9120491
1/17/2024 7:00,26.64289606,50.79568271,29.53015456,528.6962603
1/17/2024 8:00,22.13540981,66.01666846,25.62237157,472.4621076
1/17/2024 9:00,18.28540899,75.91425177,21.5487657,448.5836585
1/17/2024 10:00,25.07438869,50.40202308,28.30595704,516.3095696
1/17/2024 11:00,31.60405769,39.56386855,34.29810383,597.3565105
1/17/2024 12:00,28.28024456,55.85589654,30.68935788,549.0230272
1/17/2024 13:00,21.76735732,75.40418435,24.35742299,460.5959259
1/17/2024 14:00,33.71046046,70.21872071,35.87645762,527.99971
1/17/2024 15:00,33.24415142,33.29149217,35.83854365,609.9443709
1/17/2024 16:00,19.18696799,64.62864,21.21457068,477.625545
1/17/2024 17:00,15.7883517,58.59487612,19.6701269,453.692089
1/17/2024 18:00,29.82617417,75.37315882,32.77530039,493.1190019
1/17/2024 19:00,31.55220523,36.12407084,36.47163936,572.2894101
1/17/2024 20:00,34.35729132,56.70180566,36.93844247,562.4734947
1/17/2024 21:00,32.79672788,73.97313468,35.83421359,522.7036489
1/17/2024 22:00,27.01069536,50.50118934,30.08421884,520.5518418
1/17/2024 23:00,25.60104678,54.09974589,27.62640127,515.2537531
1/18/2024 0:00,15.55682103,33.52303388,20.07444488,497.2654982
1/18/2024 1:00,19.93312894,43.90718202,22.02911232,502.8632825
1/18/2024 2:00,24.19229503,46.22533246,29.01283454,534.0209809
1/18/2024 3:00,27.570078,77.25612244,32.24630105,476.0033245
1/18/2024 4:00,26.14503667,44.13336803,29.75160241,539.4501877
1/18/2024 5:00,29.85271979,53.04343676,33.48350652,526.9036082
1/18/2024 6:00,20.59533862,63.56522118,24.55667239,477.7161528
1/18/2024 7:00,26.29905215,38.10916862,29.46020219,554.8341903
1/18/2024 8:00,16.76284487,54.32211936,20.70451172,467.8803931
1/18/2024 9:00,23.27331047,66.92695197,25.40761564,480.6225054
1/18/2024 10:00,30.00321666,73.34276065,32.16535954,505.1335108
1/18/2024 11:00,28.86801707,61.31296373,32.23970833,513.5654764
1/18/2024 12:00,34.81285474,63.45267577,38.46172165,532.3962967
1/18/2024 13:00,20.55782252,36.31417363,25.22127544,548.2165097
1/18/2024 14:00,24.96378598,77.28882486,27.27776789,463.9085531
1/18/2024 15:00,21.59060828,36.62870387,26.05855206,533.7280326
1/18/2024 16:00,23.81206228,68.73364686,26.44220429,491.701415
1/18/2024 17:00,32.1390026,43.24081609,35.32125354,609.5039327
1/18/2024 18:00,28.6841815,76.67965719,31.63398881,477.6167286
1/18/2024 19:00,32.64882383,65.99797697,35.84928965,535.7464373
1/18/2024 20:00,19.07022217,67.69068565,21.52170866,452.8942167
1/18/2024 21:00,32.46722236,40.95295865,35.97793258,575.0422914
1/18/2024 22:00,16.19524548,52.15199883,20.60017325,469.4701095
1/18/2024 23:00,32.77198561,60.89065973,36.09658764,530.8220589
1/19/2024 0:00,21.58147559,68.49868091,25.05331632,470.4971025
1/19/2024 1:00,21.29175267,35.1979688,25.83805542,521.3177989
1/19/2024 2:00,25.24177153,78.11826582,29.35994588,479.4404017
1/19/2024 3:00,33.81380375,74.51103353,37.28516698,520.5969811
1/19/2024 4:00,15.95562729,43.51742952,18.72871424,496.9676271
1/19/2024 5:00,22.0446195,71.13801215,26.69939974,463.2851871
1/19/2024 6:00,32.13143977,55.91619615,35.86250098,545.1527672
1/19/2024 7:00,22.92108955,53.09032408,25.58453238,511.3004386
1/19/2024 8:00,18.98313795,45.72170529,21.79049721,491.8317729
1/19/2024 9:00,23.49588363,59.04842933,27.90528289,495.8026551
1/19/2024 10:00,22.71105003,66.49445589,24.84348672,471.9702032
1/19/2024 11:00,33.30832403,50.54664525,38.28460059,556.5426415
1/19/2024 12:00,30.23868751,61.46095965,32.62974255,507.1731359
1/19/2024 13:00,25.10231111,64.96564606,29.49051669,508.9735294
1/19/2024 14:00,34.76741133,65.55609085,37.95173728,535.8594874
1/19/2024 15:00,24.30555063,32.59830491,27.78219918,567.9649039
1/19/2024 16:00,16.16475662,72.98739028,20.80670835,445.5369257
1/19/2024 17:00,20.24548644,52.91266574,23.48422001,482.5421036
1/19/2024 18:00,23.7214096,43.12080408,27.33389087,521.4813275
1/19/2024 19:00,18.13805248,42.08822537,20.28595147,532.1188413
1/19/2024 20:00,33.95130253,54.15070564,35.95834495,578.9643608
1/19/2024 21:00,30.33697796,74.34157697,33.07137758,502.6865507
1/19/2024 22:00,20.36574401,48.91737908,24.40749329,506.5676929
1/19/2024 23:00,26.81609067,67.48628734,29.17988535,492.7994146
1/20/2024 0:00,29.42898314,34.84093655,31.77026902,581.7865698
1/20/2024 1:00,33.82557858,53.80283511,37.0584604,554.3504037
1/20/2024 2:00,32.63270698,79.58430702,36.5762181,483.6713832
1/20/2024 3:00,25.30384452,68.52189014,29.4400605,476.2598845
1/20/2024 4:00,30.4930524,40.52642442,33.02840442,571.6233406
1/20/2024 5:00,26.24289508,55.07207368,28.48165952,509.7596557
1/20/2024 6:00,26.0540778,41.68123818,30.8752689,546.235138
1/20/2024 7:00,17.29483917,50.47804636,20.07683831,474.7714927
1/20/2024 8:00,17.52275316,69.00420119,22.08279265,441.7818242
1/20/2024 9:00,25.5906723,68.56124076,30.18114665,499.362533
1/20/2024 10:00,20.3772309,41.4050189,24.69479867,521.5509222
1/20/2024 11:00,15.42073805,76.11116591,17.92723887,424.7847142
1/20/2024 12:00,29.45678408,59.62840914,33.92218846,536.8167418
1/20/2024 13:00,15.64973193,48.99621455,19.95748361,485.0623165
1/20/2024 14:00,26.90553682,55.09677904,30.69570579,538.7997589
1/20/2024 15:00,25.78387588,60.25356267,28.79548199,503.8136614
1/20/2024 16:00,34.37629381,57.99452659,37.16381962,551.5960661
1/20/2024 17:00,24.68426279,54.32025178,27.04993042,501.7697177
1/20/2024 18:00,16.27202873,55.2466402,19.80129993,466.5770561
1/20/2024 19:00,26.03375936,38.82059552,29.78954198,562.1753047
1/20/2024 20:00,31.82192341,70.63664522,34.89994038,530.8362004
1/20/2024 21:00,34.93698569,57.088016,38.36306289,570.1119481
1/20/2024 22:00,23.60686347,36.55399309,26.69740685,526.9844125
1/20/2024 23:00,21.40597485,68.30785508,25.32899302,481.2456162
1/21/2024 0:00,33.13306594,76.62219892,37.83684356,494.0357456
1/21/2024 1:00,18.82484258,77.36534496,21.31660337,448.3746962
1/21/2024 2:00,27.3085783,48.45088662,30.45280473,535.963273
1/21/2024 3:00,23.11428848,36.77584368,25.5368943,549.0450882
1/21/2024 4:00,15.8216473,55.91998133,19.69647861,453.9437904
1/21/2024 5:00,21.94576949,35.63046147,26.13238101,550.1796008
1/21/2024 6:00,20.30457045,76.69937093,25.10030865,433.4743629
1/21/2024 7:00,28.72182308,39.17898137,31.55843886,558.5666036
1/21/2024 8:00,33.97580995,42.638293,38.82644357,574.6215175
1/21/2024 9:00,20.36094375,50.33182634,22.55073176,483.5982175
1/21/2024 10:00,31.22931878,49.15822343,35.03836037,558.7754227
1/21/2024 11:00,16.10719634,69.73314462,18.2785945,459.1305836
1/21/2024 12:00,25.7624202,52.81584103,30.44374276,549.8494712
1/21/2024 13:00,16.41100127,38.538413,20.00042845,505.9497382
1/21/2024 14:00,33.68065982,43.36049477,37.68870487,592.8491223
1/21/2024 15:00,30.32702561,55.45566926,34.82174739,543.0447359
1/21/2024 16:00,28.15899822,37.37269587,30.60993009,571.0384313
1/21/2024 17:00,31.47792763,60.58278378,33.59370232,532.8025841
1/21/2024 18:00,27.95039591,58.28736533,32.58703935,525.1280182
1/21/2024 19:00,34.37888794,65.73511582,37.32368763,545.7989951
1/21/2024 20:00,29.27915896,76.88523077,31.66609568,486.840736
1/21/2024 21:00,33.49317219,75.61272806,36.8985559,515.4654618
1/21/2024 22:00,25.34263784,77.3037809,29.13755607,471.5213262
1/21/2024 23:00,17.34128826,42.23577985,19.43420007,510.4989148
1/22/2024 0:00,25.56355443,36.57826533,28.3882414,544.0009198
1/22/2024 1:00,17.53745656,45.11383502,19.63585618,496.9441907
1/22/2024 2:00,26.84986958,74.75425864,30.11087575,503.8608853
1/22/2024 3:00,24.64986121,78.60267373,29.3351613,477.6845601
1/22/2024 4:00,27.45150796,72.96624755,32.39946519,504.8168352
1/22/2024 5:00,15.20093962,35.50088606,19.11208228,505.2472444
1/22/2024 6:00,18.89680983,77.3713999,21.38172291,442.951225
1/22/2024 7:00,24.82660864,51.16790137,29.54415681,531.8196021
1/22/2024 8:00,34.01007123,30.46551454,37.5588147,624.7218824
1/22/2024 9:00,22.67218081,52.11968704,25.13342874,489.6055008
1/22/2024 10:00,23.48744052,32.30345848,28.25262053,539.6758726
1/22/2024 11:00,29.29392178,57.19389606,33.56632893,545.1762578
1/22/2024 12:00,27.07585515,46.92770137,31.27097096,538.7549794
1/22/2024 13:00,20.978523,53.67174668,25.10606511,490.8319138
1/22/2024 14:00,23.21632791,60.65851804,25.81734737,482.2229936
1/22/2024 15:00,19.35399598,73.44005479,21.98701605,444.3397033
1/22/2024 16:00,34.32042918,63.09507882,38.38530818,531.3882954
1/22/2024 17:00,17.61268763,51.70244342,20.27185588,505.569494
1/22/2024 18:00,22.43673569,70.97139268,25.75275078,470.0165326
1/22/2024 19:00,15.51677944,75.27910688,19.86278492,426.446178
1/22/2024 20:00,19.43558984,35.98799832,23.78744739,531.0827193
1/22/2024 21:00,30.60942277,56.59664888,33.96920809,549.4772678
1/22/2024 22:00,19.02350465,44.22559799,23.40007446,516.1252088
1/22/2024 23:00,16.60126805,32.35305989,21.11713344,529.0364399
1/23/2024 0:00,24.4890636,63.42733476,28.45339085,489.282193
1/23/2024 1:00,15.19938469,73.13853887,17.88466225,426.7411777
1/23/2024 2:00,16.69532309,38.14513272,19.51735843,514.8766665
1/23/2024 3:00,31.15251739,70.62068288,34.09704086,509.2473306
1/23/2024 4:00,30.4294669,72.66978668,32.77987922,506.7566948
1/23/2024 5:00,33.30277641,75.71702213,36.12225527,519.0674754
1/23/2024 6:00,32.09030872,43.26425445,34.71886639,581.7748855
1/23/2024 7:00,28.66351126,75.19765326,32.02949751,475.1454402
1/23/2024 8:00,16.04665715,46.03313774,20.77196979,495.3144668
1/23/2024 9:00,30.65697236,57.61690067,32.97041331,535.7138199
1/23/2024 10:00,31.91021622,32.52537354,36.07101999,601.5749111
1/23/2024 11:00,30.98164292,32.19405442,35.04349193,598.2894227
1/23/2024 12:00,25.16958071,66.01866064,27.4568433,509.8897329
1/23/2024 13:00,19.65803677,52.2239989,24.42575399,507.3767225
1/23/2024 14:00,31.90659951,42.81461877,35.61201612,587.3694767
1/23/2024 15:00,29.54325619,39.5206748,32.63443276,583.1116346
1/23/2024 16:00,34.61522349,63.49767454,38.88483924,548.9945582
1/23/2024 17:00,18.11385196,30.0200772,20.88594833,530.8509562
1/23/2024 18:00,19.51329166,70.29455846,23.59382117,465.7055122
1/23/2024 19:00,19.235963,33.96248031,21.35509662,535.5756639
1/23/2024 20:00,30.85079535,39.57448075,35.36901947,572.0143529
1/23/2024 21:00,18.73814593,49.31181976,22.08265847,499.1153242
1/23/2024 22:00,16.3331966,54.24293699,20.24327534,472.8291443
1/23/2024 23:00,34.97121613,47.74975579,37.63492959,570.81724
1/24/2024 0:00,15.49634423,46.03560825,19.52756537,498.3151121
1/24/2024 1:00,31.7048812,78.1958006,36.02160203,502.6847972
1/24/2024 2:00,22.30733683,62.07898406,25.72697639,507.8657986
1/24/2024 3:00,31.8323092,31.17164777,35.68548997,580.5633277
1/24/2024 4:00,26.09240982,51.50879542,29.4613876,521.8766705
1/24/2024 5:00,33.03262459,73.75043499,37.7148987,517.9886413
1/24/2024 6:00,33.52385973,45.07280932,37.01746727,588.847491
1/24/2024 7:00,15.18196363,34.72781724,19.70738975,510.4488774
1/24/2024 8:00,16.50824352,67.91923858,20.91229969,449.807468
1/24/2024 9:00,20.00717459,60.3006916,23.23868906,468.1618518
1/24/2024 10:00,28.38630833,58.51562539,31.0765618,513.3308769
1/24/2024 11:00,32.76544393,32.67882798,35.98369033,601.6946103
1/24/2024 12:00,24.19883903,37.02495049,28.67749115,533.3032342
1/24/2024 13:00,27.13946233,61.12746981,29.82235993,508.1235945
1/24/2024 14:00,18.76999706,40.39119207,22.34330609,518.0767744
1/24/2024 15:00,31.09933668,55.20350399,35.51762692,535.2664327
1/24/2024 16:00,34.34656223,57.2440843,37.40699465,573.2982022
1/24/2024 17:00,20.37197866,44.17535951,24.29860757,525.7485377
1/24/2024 18:00,24.89651903,77.42125778,27.63341375,453.9258796
1/24/2024 19:00,16.72232221,72.12320534,19.05016055,430.0414879
1/24/2024 20:00,26.18273313,66.11867538,30.5658858,475.8185424
1/24/2024 21:00,25.05566884,33.89969332,27.35257471,549.6530439
1/24/2024 22:00,17.88872968,35.30650097,20.70287387,526.4945313
1/24/2024 23:00,23.84132426,54.63906729,28.40665253,505.7895373
1/25/2024 0:00,21.68209304,38.03566746,24.7215009,536.9471027
1/25/2024 1:00,25.43661751,78.91327318,30.35575355,454.133198
1/25/2024 2:00,26.71308671,37.9260117,31.65228971,565.6931627
1/25/2024 3:00,15.16991157,54.37339177,17.97473963,461.551682
1/25/2024 4:00,30.22011966,48.20605284,32.34305433,554.8101894
1/25/2024 5:00,29.26028584,61.96932107,33.37547569,521.434042
1/25/2024 6:00,22.32572772,36.45182044,25.67868723,526.0095125
1/25/2024 7:00,16.05871871,51.5158214,18.36097724,465.7311074
1/25/2024 8:00,30.0986508,43.73525164,34.22121925,572.7006954
1/25/2024 9:00,34.10350321,74.38757623,36.19702794,525.7322852
1/25/2024 10:00,19.80303192,32.02928561,24.41362199,545.4570788
1/25/2024 11:00,21.47049227,75.6863747,23.88644986,459.2262943
1/25/2024 12:00,18.67625779,71.64970693,21.05819343,451.5117814
1/25/2024 13:00,26.53872247,44.87853582,29.06573936,525.6764345
1/25/2024 14:00,18.09682789,69.46453273,22.97762697,448.851407
1/25/2024 15:00,22.12387887,31.56067802,26.20338695,547.2241951
1/25/2024 16:00,28.94026028,78.34327751,33.34437489,507.5458183
1/25/2024 17:00,26.20231966,56.32974713,29.39522462,525.2216704
1/25/2024 18:00,22.72925129,45.1640513,25.73818947,538.6787656
1/25/2024 19:00,23.40499204,48.12916063,26.10844406,526.742016
1/25/2024 20:00,26.24221765,33.32026767,29.68416174,557.4575206
1/25/2024 21:00,15.11729456,79.4674757,18.77278076,417.8227635
1/25/2024 22:00,16.57019737,31.96459726,20.4655219,521.2840288
1/25/2024 23:00,32.62516136,62.74535616,35.39651687,528.2435388
1/26/2024 0:00,16.55757978,52.13679639,21.40354202,474.6704324
1/26/2024 1:00,29.13607192,77.44581091,31.64534742,488.7310679
1/26/2024 2:00,33.40076328,42.29998702,38.29772281,598.4600407
1/26/2024 3:00,20.41367209,56.6043412,22.45824045,468.0522728
1/26/2024 4:00,22.40982874,54.11781043,25.85320582,515.8717071
1/26/2024 5:00,26.37842812,65.1433222,29.37853163,492.2375438
1/26/2024 6:00,32.63417939,33.4005116,35.98154963,582.6490819
1/26/2024 7:00,33.83811175,39.6894565,37.55010548,601.611067
1/26/2024 8:00,29.79126496,40.728241,33.09803244,574.8188235
1/26/2024 9:00,16.73239522,66.90753774,19.97693577,462.3920876
1/26/2024 10:00,28.38308311,39.45693482,32.58125336,571.0085654
1/26/2024 11:00,23.20607444,58.67458819,27.26370326,519.2796458
1/26/2024 12:00,24.41401999,40.76219103,28.91383384,546.1329563
1/26/2024 13:00,15.98296781,73.0812475,18.73284475,432.1875703
1/26/2024 14:00,18.82124279,77.10927272,22.64982832,443.3169323
1/26/2024 15:00,30.81027215,55.92464875,34.56585651,554.6367545
1/26/2024 16:00,24.07917666,47.61544421,27.18839009,517.3712416
1/26/2024 17:00,21.03324483,41.70288875,24.49141746,515.2415608
1/26/2024 18:00,22.68038148,32.48905008,25.62172791,545.3342071
1/26/2024 19:00,32.08799027,43.42500381,34.51352346,552.5441157
1/26/2024 20:00,29.97998035,62.711789,32.62138398,525.8571078
1/26/2024 21:00,20.44630794,56.68084657,22.76284888,470.0085595
1/26/2024 22:00,17.3500368,77.20206391,21.39924553,432.8766493
1/26/2024 23:00,20.03996443,49.81386312,24.02214661,509.2249935
1/27/2024 0:00,33.41512902,64.69316712,38.26694814,532.9205463
1/27/2024 1:00,26.63177676,54.46613737,30.820812,540.9977677
1/27/2024 2:00,25.66960417,55.6288108,27.82574169,502.4853903
1/27/2024 3:00,26.92787199,43.38871573,31.58060752,559.7745353
1/27/2024 4:00,22.32056531,52.74753884,26.9085908,512.8591195
1/27/2024 5:00,31.14214041,53.53924985,34.47210137,531.4718698
1/27/2024 6:00,25.46572499,65.33212609,29.22331414,523.7723157
1/27/2024 7:00,17.33495806,77.03199996,22.26319305,431.9733375
1/27/2024 8:00,17.5813025,46.46606387,21.17821559,486.1995445
1/27/2024 9:00,25.73718293,32.11002343,30.45314842,550.3949958
1/27/2024 10:00,33.73140436,54.81475628,35.98052063,556.827329
1/27/2024 11:00,21.16704243,57.22306661,23.74019804,490.1150102
1/27/2024 12:00,32.39082338,38.42202756,35.71308821,586.1365171
1/27/2024 13:00,30.28191173,68.02323031,34.03618216,512.3851365
1/27/2024 14:00,19.95624886,79.24645542,24.40493241,447.6205865
1/27/2024 15:00,15.72681497,77.28873585,20.69160131,420.1803048
1/27/2024 16:00,17.0369453,39.85530194,20.20349979,486.1244815
1/27/2024 17:00,29.56987868,73.768162,31.71212559,498.8194544
1/27/2024 18:00,18.99339476,65.22468182,23.39690927,440.8428336
1/27/2024 19:00,22.42541841,52.69232819,26.23856057,510.280142
1/27/2024 20:00,25.03398332,57.03054972,27.6296119,501.3158149
1/27/2024 21:00,29.50936337,72.48000875,32.99384874,504.2204029
1/27/2024 22:00,17.26462447,54.00674698,21.4915552,491.4503782
1/27/2024 23:00,23.12732811,48.66036846,27.43856347,508.8284167
1/28/2024 0:00,24.70145818,54.66237465,28.20031342,524.7951042
1/28/2024 1:00,25.81654128,58.9564902,28.73218487,506.8358303
1/28/2024 2:00,31.36721283,39.45388269,36.28844057,595.4602468
1/28/2024 3:00,18.4335639,75.04538651,22.42365173,438.4255203
1/28/2024 4:00,31.15662904,63.70934744,34.38134159,519.9595204
1/28/2024 5:00,28.85756855,61.66344587,31.69895823,527.8333355
1/28/2024 6:00,26.11741628,34.97481131,30.31072523,556.2795615
1/28/2024 7:00,28.99055741,60.20869691,31.71710774,516.1208981
1/28/2024 8:00,23.24035478,36.04803311,25.75548475,539.3273092
1/28/2024 9:00,17.76795172,33.93488376,21.35745339,520.5239258
1/28/2024 10:00,28.31530481,56.36554478,31.18526698,542.2672358
1/28/2024 11:00,25.49344613,50.1392767,29.38016157,507.8477998
1/28/2024 12:00,27.78749601,59.44051351,30.14131204,520.2872596
1/28/2024 13:00,21.75997562,34.4611084,25.72479893,546.1266972
1/28/2024 14:00,33.13733155,51.54915314,35.98722113,564.5228372
1/28/2024 15:00,26.74739737,38.73933575,28.74812617,569.356967
1/28/2024 16:00,16.70804969,79.3550043,19.08885786,424.0867865
1/28/2024 17:00,23.99607981,58.05751062,28.79692595,502.0198634
1/28/2024 18:00,30.12712109,64.37184305,34.72918501,527.8152149
1/28/2024 19:00,30.88269123,46.27091403,33.58351833,562.8647663
1/28/2024 20:00,24.89194106,34.73694574,29.22705677,551.0817264
1/28/2024 21:00,32.89495142,78.79354314,36.7206662,512.0491112
1/28/2024 22:00,20.35336874,44.31295177,25.26608288,506.6156572
1/28/2024 23:00,23.21197394,51.19040926,26.33279092,507.5672797
1/29/2024 0:00,32.97193821,62.49319609,37.01632005,534.5933587
1/29/2024 1:00,32.92513433,31.23486488,35.1157415,615.6866335
1/29/2024 2:00,28.71425538,70.51295653,31.90299742,470.3352003
1/29/2024 3:00,32.17961094,56.8289095,37.07106393,551.1962241
1/29/2024 4:00,16.77546534,43.91085935,20.39240796,496.3983261
1/29/2024 5:00,32.29989952,33.08039926,35.16353803,578.5299945
1/29/2024 6:00,21.41239813,38.12492077,23.77321102,533.9094169
1/29/2024 7:00,18.56663025,74.75169294,22.67721527,448.0872853
1/29/2024 8:00,19.78739673,64.3012112,23.72196486,476.2309536
1/29/2024 9:00,23.35937016,42.49508608,26.4811863,505.288398
1/29/2024 10:00,20.02384009,33.28003825,24.87666415,547.2230181
1/29/2024 11:00,21.41135172,64.53076562,23.47796016,470.6178603
1/29/2024 12:00,17.69956972,58.6203863,20.61074128,478.1227535
1/29/2024 13:00,20.92353531,50.22597622,25.68674377,511.5764619
1/29/2024 14:00,26.44567629,48.18057246,29.40848261,527.1002657
1/29/2024 15:00,23.83707416,40.8407138,26.59383266,544.1085427
1/29/2024 16:00,21.93437522,63.48056283,25.53703645,478.8558181
1/29/2024 17:00,29.92904258,78.53340139,34.40044783,471.8646383
1/29/2024 18:00,32.87019943,38.78576229,35.17963971,598.4568918
1/29/2024 19:00,30.13578446,59.855831,34.96484659,523.2168107
1/29/2024 20:00,21.64001404,51.20925279,26.02523269,497.23663
1/29/2024 21:00,29.88884336,52.33443609,32.43259412,540.7446859
1/29/2024 22:00,18.03960365,42.70736401,22.17562753,507.5056575
1/29/2024 23:00,17.60635976,71.25674378,20.76123593,444.9456071
1/30/2024 0:00,21.91254074,54.26278021,25.11942477,506.5178125
1/30/2024 1:00,31.15404738,57.17029261,35.50391766,528.034758
1/30/2024 2:00,19.92696494,45.23804564,24.81531937,501.7348697
1/30/2024 3:00,16.26506818,39.09042328,18.6450358,501.9845236
1/30/2024 4:00,17.6341907,34.29551941,20.89608141,538.5587876
1/30/2024 5:00,32.17489937,65.70595705,35.61772419,528.3244574
1/30/2024 6:00,27.67566569,39.81171408,30.80460115,569.6071229
1/30/2024 7:00,20.06402327,64.50376771,23.15359064,471.6981326
1/30/2024 8:00,26.10591651,49.5188223,28.26272251,526.6553516
1/30/2024 9:00,25.55159245,50.78874005,29.60820831,523.7132379
1/30/2024 10:00,28.10871957,53.4588748,31.41736282,531.9416511
1/30/2024 11:00,19.66375109,48.38542541,22.2481325,507.584362
1/30/2024 12:00,32.28805974,35.03099886,36.73616025,605.1244137
1/30/2024 13:00,21.18737124,45.4815905,25.59505349,518.5704837
1/30/2024 14:00,28.88263308,63.18671803,32.34180796,529.9105061
1/30/2024 15:00,15.32249293,63.28922007,18.21784491,440.3861271
1/30/2024 16:00,22.4531426,44.31121536,26.36742078,519.4969772
1/30/2024 17:00,22.03419636,53.00513133,24.89865277,496.9176938
1/30/2024 18:00,25.86968857,39.6723614,28.57771236,553.148166
1/30/2024 19:00,16.45472524,40.51860408,20.6462692,497.6468342
1/30/2024 20:00,30.80262747,31.15235442,32.92360319,599.0061579
1/30/2024 21:00,19.35561604,74.8373275,21.63992145,437.7934081
1/30/2024 22:00,28.5407563,40.53533325,30.56112082,562.0634247
1/30/2024 23:00,31.06424246,41.37669385,33.52307202,579.4364037
1/31/2024 0:00,26.23753912,43.98007163,28.44450915,522.5745246
1/31/2024 1:00,29.81766413,36.37040358,34.80507124,597.5638266
1/31/2024 2:00,28.23720624,61.96314416,31.10363615,514.4282241
1/31/2024 3:00,22.11059594,33.75714766,24.55839998,522.7882853
1/31/2024 4:00,31.17717078,36.71012132,33.90015955,584.0465503
1/31/2024 5:00,20.8940274,62.23783633,25.70240411,480.328899
1/31/2024 6:00,26.42425836,46.98303102,29.98473902,537.3362859
1/31/2024 7:00,29.90795478,65.39739134,33.00240907,528.6569024
1/31/2024 8:00,22.5791182,57.87123723,27.19929257,504.6275662
1/31/2024 9:00,21.05535215,42.80105865,24.24032296,522.6534054
1/31/2024 10:00,24.1869202,62.54139752,27.19194591,500.3533623
1/31/2024 11:00,31.35926989,35.81368401,33.98111745,584.1253969
1/31/2024 12:00,33.59843526,56.82051915,36.73182573,572.1060465
1/31/2024 13:00,25.90166826,51.85740525,28.85172133,511.0015706
1/31/2024 14:00,28.22932411,43.39367914,32.26123598,555.755779
1/31/2024 15:00,33.06547244,60.20024989,35.93422056,545.5771088
1/31/2024 16:00,16.97093703,73.56667962,20.70253627,445.85413
1/31/2024 17:00,19.64157156,79.94523499,21.83924805,429.878849
1/31/2024 18:00,29.17800013,60.38813844,31.7518676,507.6769977
1/31/2024 19:00,31.47488924,50.23529372,34.69710505,558.4720889
1/31/2024 20:00,32.14058057,41.26035501,36.95142833,580.9944977
1/31/2024 21:00,23.30214354,42.85480447,26.43389949,545.6971028
1/31/2024 22:00,16.78679805,53.97274891,20.77902041,463.284872
1/31/2024 23:00,23.75562955,48.36388506,26.52089121,533.5973153
